id;tracking_code;date;details;invoice_id
1;lavish summary illiterate;2025-04-19T14:31:26;deep scrabble;1
2;lecture;2025-04-19T22:53:15;graft ha;2
3;unfinished;2025-04-19T22:00:11;generally tinderbox;3
4;circa inasmuch excitable;2025-04-20T10:01:40;pfft whose;4
5;ghost;2025-04-19T15:41:22;give crushing supposing;5
6;cruelty lobster;2025-04-20T01:39:01;which clear-cut search;6
7;whoever;2025-04-19T15:53:24;crank who;7
8;furthermore worth;2025-04-20T00:11:28;a proud ugh;8
9;volunteer stunning;2025-04-20T09:47:25;toward that devoted;9
10;safely thankfully swing;2025-04-19T15:41:47;gosh who about;10
